,a,b,c,numpy,element-wise,before
0,0,0,0,False,0,[0.5]
1,0,0,1,True,1,[0.526052713394165]
2,0,1,0,True,1,[0.4544217586517334]
3,0,1,1,False,0,[0.5537004470825195]
4,1,0,0,True,1,[0.4524339437484741]
5,1,0,1,True,1,[0.4637819826602936]
6,1,1,0,True,1,[0.4467836022377014]
7,1,1,1,False,0,[0.4974101185798645]
