,a,b,c,numpy,element-wise,before,after
0,0,0,0,False,0,[0.5],[0.002085067331790924]
1,0,0,1,True,1,[0.526052713394165],[0.9999995827674866]
2,0,1,0,True,1,[0.4544217586517334],[0.9999997615814209]
3,0,1,1,False,0,[0.5537004470825195],[4.908979533979618e-08]
4,1,0,0,True,1,[0.4524339437484741],[0.9999997615814209]
5,1,0,1,True,1,[0.4637819826602936],[1.0]
6,1,1,0,True,1,[0.4467836022377014],[1.0]
7,1,1,1,False,0,[0.4974101185798645],[1.7380605754624412e-07]
